date	max	min	mean	stdev
1	199.00	133.00	164.78	151.80
2	210.00	137.00	166.81	188.00
3	210.00	133.00	166.65	172.19
4	210.00	136.00	167.72	154.67
5	210.00	137.00	167.32	170.09
6	210.00	140.00	167.60	160.29
7	210.00	136.00	167.56	201.32
8	210.00	130.00	168.01	191.49
9	210.00	127.00	167.79	188.66
10	210.00	131.00	168.62	228.87
11	213.00	136.00	170.06	220.36
12	213.00	137.00	170.94	190.38
13	213.00	142.00	171.83	192.24
14	217.00	144.00	173.32	196.47
15	218.00	137.00	173.16	206.78
16	218.00	139.00	172.77	193.33
17	218.00	146.00	174.09	195.71
18	219.00	144.00	173.34	193.99
19	219.00	138.00	172.74	222.76
20	219.00	142.00	170.94	226.24
21	219.00	135.00	170.44	236.97
22	219.00	137.00	170.22	222.54
23	227.00	141.00	173.19	273.18
24	227.00	141.00	173.35	249.16
25	227.00	135.00	170.34	183.77
26	227.00	136.00	170.63	184.44
27	227.00	138.00	171.75	235.43
28	227.00	138.00	172.66	257.50
29	227.00	139.00	172.82	250.07
30	227.00	141.00	173.71	253.53
31	227.00	134.00	172.63	215.60
32	227.00	142.00	172.62	241.94
33	227.00	138.00	173.99	275.76
34	227.00	142.00	176.91	303.02
35	227.00	142.00	177.47	296.11
36	227.00	142.00	178.68	238.60
37	227.00	139.00	176.94	255.83
38	227.00	136.00	173.28	246.45
39	227.00	129.00	173.54	248.14
40	227.00	129.00	175.69	257.42
41	227.00	140.00	177.31	257.49
42	227.00	143.00	178.04	262.82
43	227.00	147.00	177.84	258.28
44	227.00	145.00	176.16	226.62
45	227.00	143.00	176.38	307.23
46	227.00	139.00	177.44	270.53
47	227.00	137.00	175.16	241.38
48	228.00	137.00	175.06	244.09
49	228.00	137.00	175.38	234.15
50	228.00	140.00	175.97	221.71
51	228.00	135.00	179.47	274.79
52	228.00	140.00	177.72	278.57
53	228.00	137.00	176.45	262.68
54	228.00	148.00	176.90	244.84
55	228.00	141.00	175.87	219.65
56	228.00	146.00	175.56	224.72
57	228.00	142.00	177.22	269.26
58	228.00	147.00	178.07	248.43
59	228.00	146.00	179.15	287.67
60	228.00	140.00	177.79	259.51
61	228.00	139.00	177.59	237.63
62	228.00	138.00	176.37	231.51
63	229.00	143.00	178.56	269.06
64	229.00	141.00	180.24	248.06
65	229.00	139.00	179.79	247.54
66	230.00	139.00	182.50	269.56
67	230.00	153.00	184.18	231.44
68	230.00	148.00	182.30	211.01
69	230.00	144.00	181.59	231.22
70	230.00	135.00	181.51	241.62
71	230.00	147.00	182.38	262.45
72	230.00	148.00	183.47	240.08
73	230.00	143.00	182.47	198.85
74	230.00	147.00	181.05	183.00
75	230.00	146.00	178.37	190.16
76	230.00	151.00	179.22	194.86
77	230.00	150.00	179.22	201.48
78	231.00	147.00	179.67	226.32
79	231.00	134.00	179.72	241.85
80	231.00	135.00	181.76	240.10
81	231.00	143.00	181.31	237.64
82	231.00	146.00	180.69	216.35
83	231.00	146.00	182.25	220.84
84	231.00	141.00	181.95	242.56
85	237.00	151.00	183.24	225.03
86	237.00	153.00	182.54	189.93
87	237.00	150.00	183.59	270.62
88	237.00	150.00	181.09	245.78
89	237.00	141.00	181.82	259.75
90	237.00	142.00	179.76	280.76
91	237.00	142.00	181.28	251.46
92	237.00	137.00	180.94	281.16
93	237.00	143.00	182.93	252.17
94	237.00	149.00	184.34	249.21
95	237.00	147.00	185.22	259.88
96	237.00	151.00	186.84	265.25
97	237.00	157.00	187.66	237.17
98	237.00	153.00	186.78	219.64
99	237.00	153.00	186.80	241.44
100	237.00	144.00	186.04	253.55
101	237.00	149.00	183.28	255.62
102	237.00	142.00	181.32	233.33
103	237.00	145.00	181.98	227.23
104	237.00	145.00	181.84	216.34
105	237.00	154.00	181.32	197.81
106	237.00	134.00	182.44	211.23
107	238.00	148.00	184.27	267.35
108	238.00	148.00	181.88	244.59
109	238.00	147.00	181.84	278.72
110	238.00	154.00	182.69	276.47
111	238.00	147.00	182.62	262.96
112	238.00	146.00	181.36	224.84
113	238.00	141.00	178.80	223.38
114	238.00	147.00	179.51	215.65
115	238.00	147.00	179.76	202.88
116	239.00	150.00	180.74	241.87
117	239.00	144.00	180.62	252.10
118	239.00	146.00	181.09	226.67
119	239.00	140.00	179.39	182.18
120	239.00	147.00	181.12	240.45
121	239.00	147.00	179.46	253.33
122	239.00	139.00	178.85	255.31
123	239.00	144.00	179.59	228.37
124	239.00	134.00	179.68	233.24
125	239.00	148.00	180.15	237.33
126	239.00	146.00	181.57	308.35
127	239.00	146.00	181.92	313.56
128	239.00	147.00	177.50	255.82
129	239.00	141.00	177.53	313.20
130	239.00	144.00	175.97	275.53
131	239.00	144.00	174.91	243.60
132	239.00	141.00	176.25	274.22
133	239.00	149.00	176.98	258.62
134	239.00	149.00	175.44	221.97
135	239.00	145.00	178.90	242.25
136	239.00	138.00	180.27	271.92
137	239.00	143.00	181.91	294.90
138	239.00	146.00	180.35	272.82
139	239.00	145.00	180.21	270.38
140	239.00	137.00	179.20	258.67
141	239.00	146.00	179.07	213.03
142	239.00	142.00	180.15	278.16
143	239.00	141.00	181.19	346.02
144	239.00	136.00	182.69	349.29
145	239.00	145.00	181.66	323.40
146	239.00	144.00	185.09	298.67
147	239.00	144.00	184.90	319.09
148	239.00	147.00	182.90	324.82
149	239.00	144.00	181.62	238.53
150	239.00	142.00	179.49	244.14
151	239.00	142.00	178.85	248.52
152	239.00	146.00	178.96	243.94
153	239.00	146.00	182.72	229.32
154	239.00	145.00	184.08	266.15
155	239.00	142.00	181.96	275.69
156	239.00	142.00	181.44	315.46
157	239.00	150.00	182.89	295.33
158	239.00	147.00	181.82	276.05
159	239.00	147.00	183.31	273.61
160	239.00	149.00	183.08	254.99
161	239.00	153.00	181.34	226.82
162	239.00	144.00	183.60	258.38
163	239.00	140.00	184.71	265.19
164	239.00	140.00	186.75	320.68
165	239.00	144.00	186.84	310.81
166	239.00	140.00	185.00	328.65
167	239.00	144.00	183.60	281.82
168	239.00	139.00	181.74	314.06
169	239.00	140.00	181.28	295.76
170	239.00	144.00	182.50	274.87
171	239.00	144.00	181.63	255.15
172	239.00	151.00	180.46	287.45
173	239.00	145.00	180.28	264.05
174	239.00	148.00	180.96	231.15
175	239.00	148.00	181.69	255.39
176	239.00	148.00	181.85	269.46
177	239.00	140.00	180.65	228.73
178	239.00	145.00	180.34	239.16
179	239.00	149.00	180.62	250.41
180	239.00	146.00	180.12	263.11
181	239.00	148.00	181.10	257.61
182	245.00	145.00	182.63	278.78
183	245.00	145.00	182.85	238.22
184	245.00	144.00	181.66	202.05
185	245.00	147.00	182.16	220.78
186	245.00	147.00	183.51	245.16
187	245.00	150.00	183.89	241.85
188	245.00	143.00	183.74	222.05
189	245.00	150.00	181.95	233.66
190	245.00	150.00	182.78	236.27
191	245.00	148.00	182.75	205.49
192	245.00	148.00	184.26	223.63
193	245.00	149.00	183.91	228.50
194	245.00	151.00	184.32	254.22
195	245.00	143.00	182.19	256.98
196	245.00	142.00	182.32	233.89
197	245.00	148.00	181.15	231.51
198	245.00	150.00	179.24	227.14
199	245.00	143.00	178.03	222.54
200	245.00	146.00	177.40	209.06
201	245.00	148.00	177.30	180.57
202	245.00	143.00	179.77	222.42
203	245.00	149.00	178.62	248.62
204	245.00	148.00	177.66	249.86
205	245.00	131.00	180.34	377.68
206	245.00	145.00	181.00	301.56
207	245.00	147.00	181.53	317.25
208	245.00	147.00	183.24	301.86
209	245.00	148.00	185.40	295.32
210	245.00	149.00	186.17	272.16
211	245.00	151.00	184.89	238.69
212	245.00	146.00	182.31	225.41
213	245.00	146.00	181.47	225.89
214	245.00	150.00	183.06	276.89
215	245.00	145.00	182.18	222.07
216	245.00	146.00	182.13	249.92
217	245.00	139.00	182.87	292.54
218	245.00	146.00	182.76	274.58
219	245.00	145.00	181.86	223.46
220	245.00	145.00	183.07	261.84
221	245.00	151.00	182.16	222.61
222	245.00	146.00	180.20	235.32
223	245.00	146.00	179.26	263.55
224	245.00	141.00	177.85	290.91
225	246.00	147.00	181.88	362.34
226	246.00	153.00	183.97	335.52
227	246.00	146.00	183.60	309.64
228	246.00	154.00	183.21	263.22
229	246.00	152.00	182.95	254.77
230	246.00	147.00	182.25	286.78
231	246.00	151.00	182.17	264.99
232	246.00	149.00	181.74	261.33
233	246.00	147.00	181.68	249.64
234	246.00	147.00	180.80	202.84
235	246.00	136.00	179.33	227.95
236	246.00	137.00	179.84	229.43
237	246.00	137.00	179.44	284.28
238	246.00	136.00	181.09	306.13
239	246.00	143.00	180.94	295.06
240	246.00	143.00	180.84	343.15
241	246.00	143.00	182.87	388.34
242	246.00	141.00	182.90	360.41
243	246.00	145.00	184.65	384.78
244	246.00	145.00	185.25	369.03
245	246.00	144.00	182.85	294.47
246	247.00	152.00	183.01	314.49
247	247.00	151.00	184.24	307.88
248	247.00	152.00	184.06	259.39
249	250.00	146.00	184.16	374.86
250	250.00	146.00	182.98	297.28
251	250.00	151.00	184.88	359.36
252	250.00	141.00	185.74	307.90
253	250.00	143.00	185.72	332.24
254	250.00	148.00	186.69	348.06
255	250.00	150.00	185.86	335.31
256	250.00	145.00	185.06	313.60
257	250.00	153.00	182.99	245.62
258	250.00	143.00	184.15	303.97
259	250.00	155.00	182.28	245.98
260	250.00	140.00	182.19	244.89
261	250.00	140.00	181.11	264.38
262	250.00	140.00	180.43	336.99
263	256.00	142.00	179.44	328.52
264	256.00	135.00	180.52	387.36
265	256.00	147.00	182.92	372.84
266	256.00	147.00	181.48	349.83
267	256.00	141.00	182.88	315.24
268	256.00	148.00	184.51	282.63
269	256.00	153.00	183.10	291.91
270	256.00	154.00	182.75	265.62
271	256.00	150.00	182.27	258.93
272	257.00	152.00	185.72	378.34
273	257.00	150.00	184.37	273.51
274	257.00	147.00	184.79	279.37
275	257.00	152.00	186.31	275.34
276	257.00	154.00	188.30	318.35
277	257.00	145.00	189.28	354.17
278	257.00	145.00	187.87	415.58
279	257.00	141.00	187.50	420.86
280	257.00	139.00	187.11	358.55
281	257.00	134.00	188.22	375.79
282	264.00	137.00	191.03	389.33
283	264.00	148.00	191.44	414.87
284	264.00	153.00	195.65	422.30
285	264.00	155.00	195.93	403.47
286	264.00	154.00	197.91	469.01
287	264.00	147.00	197.43	421.87
288	264.00	147.00	197.56	375.64
289	264.00	147.00	195.95	292.62
290	264.00	153.00	195.59	307.06
291	264.00	162.00	195.09	297.19
292	264.00	151.00	192.14	314.89
293	264.00	145.00	191.03	356.05
294	264.00	151.00	192.08	344.15
295	264.00	152.00	191.54	397.63
296	264.00	149.00	192.56	279.29
297	264.00	157.00	193.56	267.48
298	264.00	151.00	191.85	271.56
299	264.00	154.00	190.53	270.69
300	264.00	158.00	194.10	311.16
301	264.00	162.00	194.84	271.94
302	264.00	164.00	195.18	215.23
303	264.00	160.00	196.76	281.76
304	264.00	155.00	196.43	276.92
305	264.00	161.00	195.34	319.38
306	267.00	160.00	195.91	356.15
307	267.00	158.00	194.38	406.60
308	267.00	158.00	196.01	480.83
309	267.00	154.00	195.54	468.54
310	267.00	155.00	193.23	384.13
311	267.00	151.00	195.46	403.69
312	267.00	155.00	196.12	362.64
313	267.00	159.00	197.47	413.47
314	271.00	154.00	197.69	449.33
315	271.00	154.00	198.60	436.75
316	271.00	159.00	196.83	454.92
317	271.00	147.00	196.82	446.56
318	271.00	155.00	195.80	418.01
319	271.00	150.00	196.32	428.96
320	271.00	153.00	196.37	393.98
321	271.00	155.00	197.07	358.64
322	271.00	158.00	196.06	345.00
323	271.00	146.00	193.82	362.96
324	271.00	152.00	194.31	422.51
325	271.00	152.00	195.38	326.25
326	271.00	159.00	196.34	360.35
327	271.00	159.00	197.69	330.21
328	271.00	154.00	196.87	301.00
329	271.00	158.00	196.76	284.25
330	271.00	161.00	197.13	415.82
331	271.00	159.00	196.59	349.31
332	271.00	159.00	196.80	390.50
333	271.00	142.00	195.86	436.11
334	271.00	138.00	192.81	356.79
335	271.00	138.00	193.00	405.40
336	271.00	138.00	194.19	329.19
337	271.00	147.00	192.78	291.71
338	271.00	147.00	193.65	374.43
339	271.00	150.00	191.73	402.28
340	271.00	150.00	191.38	385.86
341	271.00	151.00	190.31	395.19
342	271.00	151.00	188.49	353.62
343	271.00	151.00	187.38	328.07
344	271.00	157.00	187.31	300.42
345	271.00	156.00	185.26	299.88
346	271.00	152.00	183.53	307.78
347	271.00	148.00	182.90	317.67
348	271.00	148.00	183.38	293.99
349	271.00	148.00	181.56	394.94
350	271.00	143.00	182.83	371.38
351	271.00	150.00	183.88	358.89
352	271.00	150.00	183.87	377.23
353	271.00	149.00	183.31	343.90
354	271.00	149.00	184.63	402.18
355	271.00	149.00	188.34	509.37
356	271.00	149.00	189.31	449.88
357	271.00	148.00	189.57	531.16
358	271.00	142.00	188.19	429.73
359	271.00	147.00	185.40	378.64
360	271.00	146.00	186.06	424.81
361	271.00	136.00	185.53	380.93
362	280.00	149.00	186.63	454.81
363	280.00	142.00	188.18	509.27
364	280.00	142.00	189.35	472.36
365	280.00	146.00	188.52	454.41
366	280.00	149.00	188.94	425.92
367	280.00	146.00	190.66	428.98
368	280.00	142.00	190.53	421.12
369	280.00	154.00	192.45	431.49
370	280.00	146.00	191.39	357.65
371	280.00	146.00	192.06	403.03
372	280.00	155.00	193.47	451.02
373	280.00	159.00	193.30	327.76
374	280.00	159.00	194.29	335.62
375	280.00	150.00	194.91	408.36
376	285.00	164.00	197.44	446.11
377	287.00	163.00	196.87	466.31
378	287.00	164.00	196.35	463.14
379	287.00	156.00	198.04	483.52
380	287.00	156.00	197.62	400.97
381	287.00	155.00	200.53	576.85
382	289.00	160.00	202.65	716.31
383	289.00	164.00	206.09	688.97
384	289.00	155.00	206.59	528.67
385	289.00	166.00	206.94	451.96
386	289.00	160.00	207.43	493.11
387	289.00	161.00	207.77	433.63
388	289.00	170.00	206.84	495.69
389	289.00	157.00	203.01	384.38
390	289.00	160.00	203.33	396.01
391	289.00	155.00	200.11	344.95
392	289.00	160.00	198.29	384.63
393	289.00	156.00	197.54	421.01
394	289.00	156.00	198.21	569.28
395	289.00	155.00	198.95	514.39
396	289.00	153.00	199.66	598.81
397	289.00	161.00	200.81	586.73
398	289.00	161.00	199.75	486.09
399	289.00	160.00	198.59	425.50
400	289.00	158.00	201.41	433.48
401	289.00	166.00	201.05	531.03
402	289.00	167.00	203.65	527.41
403	289.00	156.00	206.00	561.45
404	289.00	153.00	206.53	518.92
405	289.00	160.00	206.50	520.25
406	289.00	160.00	204.68	416.68
407	289.00	165.00	204.58	415.39
408	289.00	166.00	203.91	361.22
409	289.00	166.00	203.56	395.57
410	289.00	166.00	208.18	459.23
411	289.00	166.00	205.16	434.23
412	289.00	166.00	204.84	379.05
413	289.00	165.00	202.85	435.42
414	291.00	167.00	202.94	502.74
415	291.00	158.00	204.33	481.48
416	291.00	154.00	206.41	588.44
417	291.00	154.00	205.71	500.63
418	291.00	160.00	205.13	441.38
419	291.00	160.00	205.79	426.81
420	291.00	166.00	204.62	403.81
421	291.00	163.00	203.77	488.90
422	291.00	159.00	204.26	565.98
423	291.00	160.00	208.65	817.80
424	291.00	163.00	212.31	699.57
425	291.00	164.00	213.62	598.19
426	291.00	163.00	211.91	460.01
427	291.00	168.00	211.73	431.17
428	291.00	158.00	210.74	461.33
429	291.00	167.00	210.27	422.22
430	291.00	167.00	210.24	382.55
431	291.00	166.00	209.19	439.91
432	291.00	171.00	211.08	404.79
433	291.00	172.00	211.66	481.10
434	291.00	169.00	212.25	485.86
435	291.00	179.00	212.41	464.68
436	291.00	176.00	213.88	508.54
437	291.00	176.00	214.06	550.15
438	291.00	172.00	215.04	552.14
439	291.00	176.00	217.53	628.97
440	293.00	176.00	214.65	523.34
441	293.00	176.00	215.96	495.83
442	293.00	157.00	215.06	434.94
443	293.00	159.00	211.74	406.58
444	293.00	172.00	208.89	379.19
445	293.00	172.00	208.10	358.75
446	293.00	171.00	208.29	375.97
447	293.00	167.00	207.32	395.48
448	293.00	166.00	209.25	450.41
449	293.00	166.00	210.49	495.52
450	293.00	180.00	210.82	341.44
451	293.00	173.00	209.25	366.89
452	293.00	165.00	210.59	445.16
453	293.00	176.00	209.53	411.85
454	295.00	160.00	209.69	504.59
455	295.00	160.00	207.63	464.94
456	295.00	168.00	205.91	383.91
457	295.00	171.00	204.22	420.62
458	295.00	168.00	204.67	391.09
459	295.00	173.00	204.50	438.93
460	297.00	169.00	205.12	497.84
461	297.00	169.00	206.91	666.16
462	297.00	170.00	206.56	553.27
463	297.00	168.00	206.78	456.34
464	297.00	170.00	205.87	453.50
465	297.00	159.00	202.93	418.76
466	297.00	169.00	205.94	453.12
467	297.00	169.00	207.17	458.29
468	297.00	166.00	207.28	483.79
469	297.00	161.00	205.25	394.05
470	297.00	159.00	205.73	497.44
471	297.00	166.00	203.88	402.88
472	297.00	157.00	202.34	338.06
473	297.00	159.00	202.65	359.68
474	297.00	161.00	203.98	400.08
475	298.00	164.00	205.65	527.21
476	298.00	164.00	207.69	477.38
477	298.00	159.00	209.50	574.54
478	298.00	164.00	209.12	559.60
479	300.00	161.00	208.47	525.48
480	300.00	170.00	210.75	612.33
481	300.00	159.00	212.69	590.52
482	300.00	159.00	208.90	530.16
483	300.00	160.00	210.56	537.84
484	300.00	170.00	214.85	519.57
485	300.00	174.00	217.38	515.14
486	300.00	165.00	219.09	599.42
487	300.00	174.00	219.74	457.00
488	300.00	178.00	219.71	402.72
489	300.00	177.00	219.90	468.12
490	300.00	171.00	221.00	506.50
491	300.00	166.00	222.53	527.74
492	300.00	175.00	219.36	495.44
493	300.00	185.00	218.04	531.76
494	300.00	179.00	217.86	447.30
495	300.00	173.00	216.50	472.89
496	300.00	173.00	214.51	440.40
497	300.00	171.00	213.84	437.91
498	300.00	170.00	216.31	517.25
499	300.00	170.00	215.39	470.44
500	300.00	174.00	212.72	393.25
501	300.00	173.00	211.17	381.74
502	300.00	170.00	209.03	361.93
503	300.00	169.00	211.11	465.55
504	300.00	161.00	212.00	419.62
505	300.00	160.00	210.43	457.74
506	300.00	173.00	211.19	448.53
507	300.00	172.00	208.63	394.15
508	300.00	154.00	207.01	390.84
509	300.00	162.00	206.91	514.67
510	300.00	169.00	205.50	449.97
511	300.00	166.00	204.59	442.69
512	308.00	156.00	207.03	459.38
513	308.00	156.00	206.59	378.35
514	308.00	169.00	209.03	453.09
515	308.00	166.00	209.91	519.72
516	308.00	166.00	209.99	542.76
517	308.00	158.00	210.64	689.68
518	308.00	170.00	211.14	643.50
519	308.00	171.00	213.73	644.68
520	308.00	162.00	214.69	676.61
521	308.00	173.00	217.13	711.19
522	308.00	171.00	217.87	628.69
523	308.00	181.00	220.10	578.45
524	308.00	177.00	220.85	663.74
525	308.00	174.00	223.57	708.10
526	308.00	177.00	221.98	613.92
527	308.00	177.00	222.71	526.33
528	308.00	165.00	222.28	459.40
529	308.00	165.00	218.84	421.55
530	308.00	173.00	217.55	425.43
531	308.00	179.00	217.91	482.58
532	308.00	168.00	216.44	474.38
533	308.00	176.00	216.55	381.75
534	308.00	167.00	214.98	517.38
535	308.00	167.00	215.04	531.73
536	308.00	171.00	216.69	598.08
537	309.00	177.00	218.54	654.68
538	309.00	170.00	217.66	632.87
539	309.00	173.00	216.50	537.15
540	309.00	165.00	216.25	571.82
541	309.00	169.00	218.58	589.00
542	309.00	174.00	218.10	569.84
543	309.00	172.00	217.81	541.76
544	309.00	157.00	215.93	483.25
545	309.00	146.00	216.35	477.12
546	309.00	170.00	217.46	424.25
547	309.00	179.00	217.83	603.78
548	309.00	180.00	218.24	556.54
549	309.00	172.00	220.91	562.22
550	309.00	178.00	223.83	622.73
551	309.00	180.00	222.50	573.37
552	309.00	176.00	219.51	467.20
553	309.00	176.00	219.35	396.13
554	309.00	177.00	217.74	405.07
555	309.00	170.00	215.77	435.79
556	309.00	168.00	215.49	502.34
557	309.00	174.00	213.51	468.95
558	309.00	176.00	213.75	504.90
559	309.00	175.00	213.74	471.07
560	309.00	165.00	212.53	472.95
561	309.00	164.00	212.45	374.41
562	309.00	175.00	213.35	420.34
563	309.00	172.00	211.75	514.45
564	311.00	173.00	212.87	580.39
565	324.00	170.00	211.66	495.50
566	324.00	166.00	209.30	417.24
567	324.00	166.00	209.64	517.20
568	333.00	166.00	210.85	582.22
569	333.00	171.00	215.65	725.45
570	333.00	171.00	217.31	835.86
571	333.00	172.00	217.75	715.04
572	335.00	171.00	219.72	686.90
573	335.00	171.00	216.81	530.29
574	335.00	171.00	213.85	475.72
575	335.00	171.00	211.63	489.38
576	335.00	162.00	208.90	529.93
577	340.00	160.00	208.19	615.34
578	340.00	160.00	211.41	938.37
579	340.00	164.00	213.13	965.41
580	340.00	171.00	210.72	732.20
581	340.00	166.00	217.76	1245.68
582	340.00	166.00	215.62	1171.60
583	340.00	175.00	218.21	999.30
584	340.00	163.00	222.89	1340.75
585	340.00	171.00	225.09	1139.74
586	340.00	171.00	225.13	967.58
587	340.00	173.00	222.30	786.65
588	340.00	169.00	222.35	828.76
589	340.00	168.00	224.57	974.45
590	340.00	177.00	226.16	1046.07
591	340.00	169.00	229.47	1177.62
592	340.00	167.00	225.68	961.35
593	340.00	174.00	219.50	654.49
594	340.00	172.00	220.12	694.85
595	340.00	179.00	220.78	831.49
596	340.00	157.00	218.66	653.95
597	340.00	156.00	220.30	743.67
598	340.00	171.00	220.09	640.82
599	340.00	170.00	221.47	845.91
600	340.00	171.00	222.47	915.57
601	340.00	174.00	223.83	872.09
602	340.00	174.00	221.81	717.73
603	340.00	176.00	221.25	710.53
604	341.00	170.00	222.77	888.90
605	341.00	175.00	228.22	1397.63
606	341.00	177.00	226.76	1168.28
607	341.00	172.00	229.51	1122.68
608	341.00	169.00	226.98	889.77
609	341.00	170.00	225.21	1010.34
610	341.00	166.00	225.38	881.44
611	341.00	175.00	224.86	937.34
612	341.00	176.00	223.64	871.95
613	341.00	183.00	225.16	826.18
614	341.00	175.00	224.04	655.29
615	341.00	184.00	225.66	772.82
616	341.00	186.00	227.53	699.60
617	341.00	177.00	225.46	556.41
618	341.00	183.00	224.63	604.31
619	341.00	185.00	224.50	673.28
620	341.00	181.00	227.05	789.79
621	341.00	183.00	228.72	761.94
622	341.00	182.00	228.93	650.97
623	341.00	189.00	229.74	814.03
624	341.00	179.00	227.39	612.17
625	341.00	180.00	224.88	588.66
626	341.00	175.00	223.18	562.92
627	341.00	175.00	223.18	557.41
628	341.00	178.00	225.43	644.72
629	341.00	175.00	226.26	697.37
630	341.00	172.00	223.59	561.20
631	343.00	172.00	222.31	669.69
632	343.00	179.00	220.94	733.35
633	343.00	175.00	218.61	693.14
634	343.00	176.00	216.76	578.80
635	343.00	170.00	216.19	501.84
636	343.00	170.00	213.74	492.73
637	343.00	169.00	211.67	414.10
638	343.00	175.00	213.67	617.72
639	343.00	173.00	215.27	757.06
640	343.00	173.00	212.15	748.98
641	343.00	172.00	210.91	652.89
642	343.00	169.00	211.22	751.14
643	344.00	169.00	213.29	827.54
644	344.00	161.00	213.47	1057.16
645	344.00	159.00	216.40	1310.20
646	344.00	149.00	217.13	878.54
647	344.00	176.00	222.01	1094.29
648	344.00	178.00	226.12	1103.69
649	344.00	177.00	225.93	964.88
650	344.00	169.00	223.05	862.79
651	344.00	176.00	221.94	702.52
652	344.00	176.00	225.46	887.20
653	344.00	176.00	230.58	910.36
654	344.00	183.00	231.35	780.01
655	344.00	183.00	232.71	813.03
656	344.00	183.00	232.28	907.18
657	344.00	181.00	236.31	936.52
658	344.00	184.00	238.39	808.66
659	344.00	181.00	236.50	752.98
660	344.00	181.00	240.19	941.63
661	344.00	188.00	239.07	707.53
662	344.00	180.00	239.23	782.27
663	344.00	176.00	240.50	708.95
664	344.00	182.00	240.99	698.43
665	344.00	183.00	238.37	683.67
666	347.00	189.00	241.99	867.35
667	347.00	194.00	242.84	843.94
668	347.00	185.00	240.94	850.75
669	347.00	192.00	242.34	915.36
670	347.00	192.00	243.82	841.49
671	347.00	187.00	249.81	853.12
672	347.00	191.00	250.59	871.68
673	347.00	193.00	247.03	804.76
674	347.00	194.00	245.91	794.41
675	347.00	197.00	245.66	697.77
676	347.00	197.00	244.82	573.88
677	347.00	195.00	244.00	511.24
678	347.00	197.00	245.66	561.62
679	347.00	202.00	245.25	492.57
680	347.00	200.00	243.60	459.27
681	347.00	200.00	241.60	457.37
682	347.00	200.00	242.09	639.34
683	347.00	200.00	242.23	524.92
684	347.00	203.00	244.84	629.50
685	347.00	190.00	247.20	689.24
686	347.00	190.00	246.53	593.31
687	347.00	199.00	246.34	556.53
688	347.00	202.00	245.50	454.07
689	347.00	192.00	240.27	555.05
690	347.00	198.00	240.06	421.24
691	347.00	199.00	240.46	436.33
692	347.00	206.00	241.94	535.10
693	347.00	197.00	242.01	655.73
694	347.00	197.00	240.87	741.55
695	347.00	197.00	241.21	776.87
696	347.00	200.00	245.50	840.02
697	347.00	197.00	244.03	613.00
698	347.00	198.00	242.88	617.91
699	347.00	189.00	241.56	628.12
700	347.00	185.00	241.87	663.49
701	347.00	201.00	240.90	557.84
702	347.00	196.00	240.16	609.18
703	347.00	193.00	238.82	613.05
704	347.00	197.00	242.37	673.65
705	347.00	198.00	242.55	800.84
706	347.00	190.00	243.49	821.21
707	347.00	186.00	244.89	683.58
708	352.00	189.00	244.53	726.38
709	352.00	190.00	246.68	719.72
710	352.00	206.00	246.58	624.92
711	352.00	195.00	247.44	798.71
712	352.00	205.00	245.53	681.82
713	352.00	196.00	244.86	531.01
714	352.00	207.00	246.22	611.63
715	352.00	199.00	247.23	759.99
716	352.00	199.00	247.47	781.96
717	352.00	198.00	247.24	899.73
718	352.00	202.00	249.90	1053.72
719	352.00	195.00	248.94	1032.06
720	352.00	183.00	246.35	781.20
721	352.00	172.00	245.10	765.12
722	352.00	191.00	246.15	701.88
723	352.00	189.00	246.99	697.18
724	352.00	203.00	244.44	583.32
725	352.00	196.00	243.92	650.79
726	352.00	197.00	245.02	631.23
727	352.00	196.00	246.67	731.78
728	352.00	196.00	244.32	709.91
729	352.00	197.00	242.02	564.22
730	352.00	201.00	242.02	648.28
731	352.00	194.00	242.65	692.90
732	352.00	193.00	245.12	849.78
733	352.00	196.00	244.55	716.11
734	352.00	196.00	245.57	754.26
735	352.00	199.00	246.69	676.61
736	352.00	191.00	246.91	770.34
737	352.00	197.00	245.10	716.20
738	352.00	197.00	244.38	687.40
739	352.00	197.00	243.78	694.59
740	352.00	203.00	243.32	582.24
741	352.00	189.00	241.04	651.77
742	352.00	193.00	239.21	595.10
743	352.00	192.00	242.31	748.73
744	352.00	191.00	243.57	909.32
745	352.00	190.00	243.16	777.37
746	352.00	186.00	244.44	810.79
747	352.00	186.00	245.87	764.12
748	352.00	195.00	248.10	802.50
749	354.00	198.00	252.12	1034.03
750	354.00	197.00	254.32	984.79
751	354.00	203.00	253.28	912.58
752	354.00	204.00	258.00	868.03
753	354.00	206.00	256.58	655.46
754	354.00	196.00	257.05	586.88
755	354.00	196.00	258.60	609.85
756	354.00	205.00	257.55	526.85
757	354.00	205.00	259.11	606.88
758	354.00	198.00	256.54	624.01
759	354.00	200.00	258.02	625.67
760	354.00	209.00	256.04	558.24
761	354.00	214.00	257.46	604.27
762	354.00	209.00	256.42	568.98
763	354.00	210.00	257.34	536.98
764	354.00	222.00	257.01	486.36
765	354.00	210.00	256.06	460.75
766	354.00	213.00	254.46	518.29
767	354.00	221.00	257.38	585.74
768	360.00	217.00	256.64	575.27
769	360.00	209.00	255.08	550.21
770	360.00	211.00	255.44	599.41
771	360.00	203.00	253.19	509.73
772	360.00	192.00	251.62	591.93
773	360.00	192.00	250.35	585.37
774	360.00	205.00	251.14	674.08
775	360.00	200.00	247.38	496.23
776	360.00	200.00	249.82	650.62
777	360.00	200.00	248.18	588.90
778	360.00	202.00	247.00	555.80
779	363.00	202.00	247.00	703.11
780	363.00	195.00	249.52	841.49
781	373.00	203.00	253.36	1125.58
782	373.00	203.00	254.00	933.32
783	373.00	204.00	254.41	1012.28
784	373.00	204.00	254.61	990.75
785	373.00	203.00	253.23	950.63
786	373.00	206.00	250.09	777.64
787	373.00	198.00	249.04	765.67
788	373.00	202.00	248.11	775.32
789	373.00	206.00	246.33	728.37
790	373.00	211.00	249.07	869.04
791	373.00	198.00	248.78	876.41
792	373.00	190.00	246.29	805.91
793	373.00	190.00	246.53	998.64
794	373.00	189.00	246.93	768.02
795	373.00	198.00	245.59	891.03
796	373.00	191.00	248.26	1171.56
797	373.00	198.00	249.15	1292.30
798	373.00	198.00	249.91	1313.32
799	373.00	199.00	245.78	1031.28
800	373.00	197.00	245.14	811.44
801	373.00	201.00	245.57	1042.52
802	373.00	200.00	247.24	877.38
803	373.00	197.00	246.85	929.84
804	373.00	201.00	247.12	781.62
805	373.00	201.00	248.03	1046.98
806	373.00	203.00	251.49	1012.44
807	373.00	203.00	248.16	880.84
808	373.00	202.00	245.44	725.29
809	373.00	200.00	248.94	970.10
810	373.00	183.00	244.07	829.97
811	373.00	183.00	246.09	693.37
812	373.00	196.00	245.94	869.78
813	373.00	195.00	249.27	1083.42
814	373.00	206.00	253.84	1004.70
815	373.00	199.00	252.56	959.38
816	373.00	199.00	247.89	687.10
817	373.00	203.00	247.46	685.15
818	373.00	203.00	248.81	623.43
819	373.00	204.00	245.41	582.56
820	373.00	208.00	245.95	658.10
821	373.00	200.00	247.22	862.83
822	373.00	198.00	254.37	1214.27
823	373.00	200.00	255.12	1112.22
824	373.00	199.00	253.06	816.93
825	373.00	194.00	252.89	843.24
826	373.00	202.00	247.01	694.74
827	373.00	194.00	248.62	764.03
828	373.00	189.00	243.07	659.87
829	373.00	199.00	246.75	847.39
830	373.00	210.00	246.87	673.36
831	373.00	206.00	248.71	838.86
832	373.00	206.00	251.62	901.12
833	373.00	198.00	251.28	874.55
834	373.00	198.00	246.16	697.64
835	373.00	197.00	244.22	733.50
836	373.00	203.00	245.50	778.15
837	373.00	203.00	248.01	819.35
838	373.00	198.00	243.53	906.45
839	373.00	198.00	248.76	1270.32
840	373.00	192.00	248.21	1000.42
841	373.00	193.00	250.45	1241.92
842	373.00	201.00	248.41	919.76
843	373.00	199.00	251.73	1086.32
844	373.00	197.00	249.18	939.48
845	373.00	200.00	249.17	873.45
846	373.00	200.00	250.90	896.77
847	373.00	194.00	253.01	926.56
848	373.00	196.00	255.28	947.22
849	373.00	205.00	249.76	756.08
850	373.00	179.00	251.63	822.53
851	373.00	190.00	251.38	1151.99
852	373.00	201.00	250.34	847.55
853	373.00	204.00	252.38	801.71
854	373.00	200.00	251.17	785.44
855	373.00	202.00	248.76	685.35
856	373.00	183.00	247.75	999.71
857	373.00	195.00	250.43	1031.75
858	373.00	197.00	251.59	922.64
859	373.00	201.00	250.56	762.23
860	373.00	201.00	250.76	825.62
861	373.00	201.00	251.37	869.10
862	373.00	208.00	247.96	766.09
863	373.00	194.00	247.39	851.53
864	373.00	197.00	248.91	908.31
865	373.00	187.00	251.65	958.14
866	373.00	187.00	253.31	975.82
867	373.00	202.00	255.24	891.01
868	373.00	204.00	253.38	863.57
869	373.00	205.00	249.62	783.45
870	373.00	202.00	251.25	857.61
871	374.00	201.00	250.90	888.52
872	374.00	203.00	256.50	937.05
873	374.00	206.00	258.25	820.76
874	374.00	212.00	261.17	825.14
875	374.00	213.00	259.60	644.26
876	374.00	210.00	257.71	554.12
877	374.00	205.00	258.47	691.15
878	374.00	207.00	259.79	848.99
879	374.00	205.00	259.28	853.16
880	374.00	216.00	257.21	774.82
881	374.00	209.00	261.18	1026.52
882	374.00	196.00	261.12	979.91
883	374.00	206.00	259.31	1045.02
884	374.00	211.00	262.48	1193.20
885	374.00	210.00	261.82	1174.15
886	374.00	197.00	265.46	1180.36
887	374.00	192.00	265.20	1212.11
888	377.00	192.00	266.70	1343.77
889	377.00	197.00	271.06	1165.68
890	377.00	208.00	272.50	1016.82
891	380.00	212.00	270.71	952.97
892	380.00	223.00	273.06	919.37
893	380.00	213.00	270.81	867.30
894	380.00	212.00	274.16	834.71
895	380.00	220.00	275.02	868.89
896	380.00	215.00	273.95	694.80
897	380.00	215.00	275.12	890.13
898	380.00	210.00	271.84	824.21
899	380.00	219.00	273.79	851.17
900	380.00	207.00	274.24	843.75
901	380.00	207.00	272.52	806.68
902	380.00	207.00	273.57	698.04
903	380.00	209.00	275.47	843.99
904	380.00	209.00	272.96	783.01
905	380.00	205.00	272.64	716.22
906	380.00	220.00	272.04	726.96
907	380.00	212.00	273.11	780.99
908	380.00	218.00	275.35	748.28
909	380.00	215.00	278.92	771.18
910	380.00	215.00	278.43	842.63
911	380.00	231.00	275.13	775.38
912	380.00	226.00	274.39	743.33
913	380.00	217.00	272.99	720.91
914	380.00	221.00	272.05	586.82
915	380.00	226.00	271.42	615.69
916	380.00	213.00	271.36	642.59
917	380.00	228.00	270.73	587.33
918	380.00	221.00	273.01	661.69
919	380.00	226.00	272.24	571.04
920	380.00	223.00	269.82	447.87
921	380.00	226.00	268.05	629.42
922	380.00	229.00	268.64	648.69
923	380.00	221.00	270.10	728.24
924	380.00	226.00	269.70	573.03
925	380.00	229.00	266.92	496.58
926	380.00	221.00	264.92	580.30
927	380.00	221.00	263.30	502.00
928	380.00	224.00	263.44	624.67
929	380.00	223.00	264.46	739.24
930	380.00	227.00	265.94	627.39
931	380.00	220.00	266.80	651.28
932	380.00	229.00	268.43	599.49
933	380.00	227.00	269.50	596.70
934	380.00	230.00	267.67	525.53
935	380.00	228.00	267.98	618.06
936	380.00	223.00	266.86	598.62
937	380.00	227.00	266.73	589.18
938	380.00	224.00	269.00	709.92
939	380.00	226.00	270.65	640.60
940	380.00	218.00	268.54	574.53
941	380.00	224.00	269.07	517.46
942	380.00	226.00	267.98	562.86
943	380.00	223.00	268.18	601.79
944	380.00	222.00	267.88	653.74
945	380.00	231.00	268.00	585.91
946	380.00	230.00	267.95	587.25
947	380.00	223.00	267.49	634.86
948	380.00	224.00	267.79	753.26
949	382.00	215.00	266.54	796.07
950	382.00	222.00	265.35	651.86
951	382.00	211.00	263.43	579.18
952	384.00	219.00	261.97	756.61
953	384.00	217.00	260.90	781.76
954	384.00	219.00	261.79	990.17
955	384.00	215.00	265.30	841.68
956	384.00	216.00	265.61	806.22
957	384.00	220.00	268.39	659.69
958	384.00	220.00	266.69	718.94
959	384.00	221.00	264.08	709.45
960	384.00	223.00	268.59	775.83
961	384.00	215.00	271.01	636.02
962	392.00	229.00	269.18	624.29
963	392.00	215.00	269.93	743.81
964	392.00	232.00	274.18	854.66
965	392.00	233.00	274.67	732.47
966	392.00	234.00	275.52	761.12
967	392.00	229.00	276.68	733.23
968	392.00	229.00	279.75	962.20
969	392.00	234.00	284.57	940.86
970	392.00	234.00	284.79	830.82
971	392.00	227.00	283.53	724.22
972	392.00	231.00	283.04	773.70
973	392.00	237.00	280.93	752.16
974	392.00	228.00	278.28	678.49
975	392.00	230.00	277.19	579.61
976	392.00	223.00	277.54	684.88
977	392.00	221.00	278.12	652.61
978	392.00	225.00	276.00	611.60
979	392.00	228.00	275.80	527.23
980	392.00	211.00	274.55	608.97
981	392.00	215.00	273.23	596.10
982	392.00	228.00	270.88	617.59
983	392.00	231.00	271.24	627.23
984	392.00	223.00	274.35	888.23
985	392.00	220.00	272.21	951.56
986	394.00	223.00	274.79	1104.99
987	394.00	225.00	275.60	992.29
988	394.00	216.00	275.77	980.92
989	394.00	220.00	278.52	1127.96
990	394.00	226.00	279.88	914.15
991	394.00	226.00	282.40	861.60
992	394.00	223.00	279.76	804.31
993	394.00	223.00	280.13	668.94
994	394.00	230.00	281.62	736.62
995	394.00	225.00	278.24	714.70
996	394.00	225.00	277.70	750.73
997	394.00	232.00	279.03	730.04
998	394.00	230.00	279.15	826.54
999	395.00	235.00	281.38	948.22
1000	395.00	229.00	280.36	821.00
1001	395.00	227.00	281.20	717.82
1002	395.00	227.00	281.93	874.55
1003	395.00	235.00	280.92	838.36
1004	395.00	228.00	278.02	745.26
1005	395.00	227.00	278.48	693.77
1006	395.00	239.00	278.98	756.94
1007	395.00	238.00	278.33	802.01
1008	395.00	215.00	280.70	1051.15
1009	395.00	222.00	281.90	966.73
1010	395.00	222.00	279.02	834.61
1011	395.00	231.00	283.76	1068.94
1012	395.00	228.00	281.13	953.60
1013	395.00	233.00	282.72	941.84
1014	395.00	228.00	277.06	826.06
1015	395.00	228.00	274.85	740.34
1016	395.00	220.00	272.15	747.91
1017	395.00	219.00	272.70	639.90
1018	395.00	222.00	270.05	596.45
1019	395.00	219.00	270.58	520.27
1020	395.00	235.00	271.02	480.29
1021	395.00	220.00	273.95	691.67
1022	395.00	220.00	272.88	729.32
1023	395.00	225.00	272.77	688.33
1024	395.00	234.00	275.25	904.61
1025	395.00	231.00	272.98	757.82
1026	395.00	211.00	273.55	832.48
1027	395.00	211.00	273.95	972.16
1028	395.00	211.00	273.88	885.69
1029	395.00	221.00	276.38	1003.80
1030	395.00	220.00	276.15	785.55
1031	395.00	224.00	274.24	753.01
1032	395.00	226.00	270.28	801.45
1033	395.00	221.00	274.81	1063.41
1034	395.00	221.00	273.68	1056.61
1035	395.00	221.00	269.25	813.56
1036	395.00	221.00	269.31	726.47
1037	395.00	219.00	266.51	831.39
1038	395.00	219.00	269.98	997.33
1039	395.00	219.00	269.99	863.68
1040	395.00	218.00	266.17	771.88
1041	396.00	217.00	265.54	867.09
1042	396.00	217.00	265.62	720.57
1043	396.00	218.00	267.63	879.92
1044	396.00	217.00	268.43	1023.11
1045	396.00	211.00	274.52	1008.86
1046	396.00	211.00	279.86	1163.17
1047	396.00	231.00	281.33	1120.97
1048	396.00	229.00	283.23	1141.71
1049	396.00	226.00	286.10	1305.66
1050	396.00	226.00	292.76	1253.75
1051	396.00	229.00	292.46	976.95
1052	396.00	236.00	294.25	895.93
1053	396.00	240.00	291.82	966.74
1054	396.00	228.00	289.18	914.30
1055	396.00	223.00	287.80	818.55
1056	396.00	238.00	284.43	802.88
1057	396.00	241.00	285.21	702.80
1058	396.00	229.00	283.94	753.75
1059	396.00	236.00	285.19	892.59
1060	398.00	236.00	286.98	861.51
1061	398.00	242.00	287.82	786.45
1062	398.00	224.00	287.60	817.16
1063	398.00	240.00	287.26	744.04
1064	398.00	240.00	287.60	644.82
1065	398.00	238.00	289.33	691.18
1066	398.00	232.00	291.17	843.32
1067	398.00	231.00	294.76	816.32
1068	398.00	245.00	296.92	802.68
1069	398.00	245.00	297.41	904.48
1070	398.00	248.00	296.03	840.80
1071	398.00	233.00	292.69	808.55
1072	398.00	243.00	293.11	749.52
1073	398.00	239.00	291.09	623.97
1074	398.00	239.00	294.94	809.33
1075	398.00	238.00	294.29	693.15
1076	398.00	237.00	291.91	529.14
1077	398.00	239.00	288.99	589.85
1078	398.00	238.00	289.62	669.14
1079	398.00	242.00	288.62	684.16
1080	398.00	240.00	287.20	656.00
1081	398.00	235.00	287.90	535.81
1082	398.00	243.00	289.68	607.19
1083	398.00	230.00	289.55	754.61
1084	398.00	230.00	289.09	646.78
1085	398.00	231.00	291.42	635.29
1086	398.00	240.00	290.62	622.36
1087	398.00	243.00	289.36	564.14
1088	398.00	239.00	290.00	615.40
1089	398.00	239.00	289.68	653.76
1090	398.00	242.00	288.38	616.17
1091	398.00	248.00	290.61	709.61
1092	398.00	245.00	290.05	633.93
1093	398.00	244.00	288.74	557.04
1094	398.00	238.00	289.21	635.30
1095	398.00	243.00	288.50	698.87
1096	398.00	236.00	288.09	660.77
1097	398.00	226.00	284.96	698.11
1098	398.00	236.00	283.24	537.41
1099	398.00	236.00	281.00	534.43
1100	398.00	237.00	280.14	659.62
1101	398.00	225.00	281.95	789.46
1102	398.00	235.00	285.27	746.87
1103	398.00	227.00	284.21	625.46
1104	398.00	246.00	286.42	698.36
1105	398.00	239.00	284.64	609.10
1106	398.00	245.00	284.21	639.63
1107	398.00	244.00	284.92	718.56
1108	398.00	230.00	284.62	734.54
1109	398.00	246.00	283.93	669.98
1110	398.00	236.00	284.97	886.18
1111	398.00	236.00	283.39	684.54
1112	398.00	236.00	284.00	824.29
1113	398.00	235.00	285.94	812.15
1114	398.00	245.00	289.68	686.06
1115	398.00	247.00	289.94	610.76
1116	398.00	245.00	289.14	622.44
1117	398.00	241.00	287.56	555.72
1118	398.00	248.00	286.29	522.42
1119	398.00	233.00	286.20	571.66
1120	398.00	236.00	286.18	553.71
1121	398.00	236.00	282.52	537.14
1122	398.00	236.00	281.52	529.60
1123	398.00	236.00	279.73	473.98
1124	398.00	236.00	281.73	682.50
1125	398.00	230.00	281.83	660.42
1126	398.00	244.00	280.76	585.34
1127	398.00	234.00	279.80	585.68
1128	398.00	240.00	281.06	767.81
1129	398.00	229.00	286.46	920.23
1130	398.00	229.00	288.35	983.05
1131	398.00	236.00	292.68	1272.41
1132	398.00	230.00	289.63	1096.37
1133	400.00	237.00	288.14	1053.93
1134	400.00	238.00	297.47	1214.02
1135	400.00	247.00	295.81	897.80
1136	400.00	252.00	295.69	814.08
1137	400.00	241.00	293.63	591.76
1138	400.00	238.00	291.25	604.47
1139	400.00	234.00	291.38	676.40
1140	400.00	229.00	290.37	870.56
1141	400.00	229.00	290.57	1002.80
1142	400.00	236.00	290.56	883.02
1143	400.00	236.00	293.38	925.29
1144	402.00	240.00	295.15	938.23
1145	402.00	249.00	291.79	725.08
1146	402.00	239.00	289.21	656.24
1147	402.00	232.00	289.79	701.83
1148	402.00	230.00	286.95	729.44
1149	402.00	234.00	288.00	841.90
1150	402.00	228.00	294.24	913.24
1151	402.00	234.00	294.61	837.41
1152	404.00	234.00	294.37	900.96
1153	404.00	234.00	292.85	711.60
1154	404.00	235.00	292.80	774.24
1155	404.00	235.00	295.03	962.46
1156	404.00	234.00	295.66	932.87
1157	408.00	249.00	295.77	846.42
1158	408.00	251.00	292.97	950.92
1159	408.00	246.00	293.19	895.41
1160	408.00	239.00	293.88	897.35
1161	408.00	250.00	294.08	1229.54
1162	408.00	245.00	293.86	1142.93
1163	408.00	241.00	294.89	1043.47
1164	408.00	249.00	292.89	634.68
1165	408.00	248.00	291.58	762.43
1166	408.00	249.00	293.98	983.41
1167	408.00	242.00	293.79	972.66
1168	408.00	234.00	293.65	918.05
1169	408.00	248.00	292.07	776.64
1170	408.00	242.00	296.23	975.08
1171	408.00	250.00	292.90	843.97
1172	408.00	249.00	291.75	875.91
1173	408.00	249.00	293.51	826.64
1174	408.00	247.00	294.32	817.56
1175	408.00	247.00	292.83	743.94
1176	408.00	251.00	292.52	692.98
1177	408.00	249.00	292.56	686.58
1178	408.00	241.00	291.12	575.53
1179	408.00	248.00	293.19	802.41
1180	408.00	249.00	294.46	788.83
1181	408.00	246.00	294.28	934.20
1182	408.00	247.00	294.79	712.31
1183	408.00	247.00	295.77	768.85
1184	408.00	249.00	297.30	863.05
1185	408.00	248.00	296.37	740.47
1186	408.00	248.00	298.51	716.72
1187	408.00	248.00	296.12	640.45
1188	408.00	251.00	294.30	525.02
1189	408.00	251.00	294.56	515.53
1190	408.00	250.00	294.22	566.47
1191	408.00	256.00	294.74	489.94
1192	408.00	256.00	295.95	548.15
1193	408.00	259.00	295.60	522.60
1194	408.00	247.00	295.44	702.60
1195	408.00	246.00	298.12	972.98
1196	408.00	246.00	297.99	952.95
1197	408.00	246.00	297.29	906.53
1198	408.00	243.00	294.69	755.94
1199	408.00	255.00	292.45	634.80
1200	408.00	255.00	288.82	591.55
1201	408.00	242.00	288.10	581.94
1202	408.00	247.00	287.31	642.50
1203	408.00	246.00	283.67	589.94
1204	408.00	244.00	283.62	692.11
1205	408.00	237.00	284.31	688.94
1206	408.00	250.00	285.77	669.42
1207	408.00	250.00	287.69	542.54
1208	408.00	250.00	288.02	553.85
1209	408.00	246.00	287.38	637.70
1210	408.00	235.00	286.19	575.27
1211	408.00	246.00	284.58	443.45
1212	408.00	241.00	284.19	675.44
1213	408.00	243.00	282.14	634.64
1214	408.00	238.00	283.00	780.47
1215	408.00	235.00	281.61	948.06
1216	408.00	237.00	283.25	1008.57
1217	408.00	240.00	285.75	1082.51
1218	408.00	241.00	290.60	1283.58
1219	408.00	232.00	292.53	1086.93
1220	408.00	232.00	295.66	1169.37
1221	408.00	235.00	297.07	1121.86
1222	408.00	235.00	297.54	873.79
1223	408.00	251.00	295.95	711.74
1224	408.00	244.00	298.94	687.90
1225	408.00	244.00	301.30	762.10
1226	408.00	244.00	301.06	737.91
1227	408.00	246.00	305.29	825.07
1228	408.00	242.00	304.82	720.31
1229	408.00	242.00	303.51	746.91
1230	408.00	246.00	305.20	742.81
1231	408.00	254.00	306.50	792.64
1232	408.00	254.00	306.14	821.94
1233	408.00	258.00	304.08	689.61
1234	409.00	261.00	302.84	610.75
1235	409.00	261.00	302.45	652.25
1236	409.00	255.00	300.55	679.96
1237	409.00	259.00	299.06	568.38
1238	409.00	259.00	300.62	593.92
1239	409.00	258.00	300.33	485.21
1240	409.00	261.00	298.75	521.76
1241	409.00	258.00	300.60	535.56
1242	409.00	256.00	297.96	568.62
1243	409.00	247.00	299.20	701.71
1244	409.00	234.00	296.98	685.02
1245	409.00	250.00	298.32	656.42
1246	409.00	250.00	298.47	716.31
1247	409.00	252.00	298.30	823.03
1248	409.00	252.00	298.44	695.39
1249	409.00	252.00	298.31	607.87
1250	409.00	249.00	297.45	673.42
1251	409.00	253.00	300.23	737.82
1252	409.00	257.00	299.52	653.79
1253	409.00	257.00	296.92	732.15
1254	409.00	256.00	298.21	986.15
1255	409.00	252.00	299.13	1071.07
1256	409.00	252.00	302.06	1042.31
1257	409.00	252.00	302.86	961.36
1258	409.00	261.00	305.49	905.76
1259	409.00	256.00	307.62	925.15
1260	409.00	260.00	306.95	723.57
1261	409.00	249.00	307.58	731.47
1262	409.00	249.00	304.96	676.86
1263	409.00	268.00	303.54	518.66
1264	409.00	261.00	304.38	685.51
1265	409.00	261.00	305.15	760.30
1266	409.00	259.00	300.39	659.77
1267	409.00	257.00	298.31	644.16
1268	409.00	254.00	300.56	729.86
1269	409.00	253.00	298.27	667.45
1270	409.00	255.00	298.02	670.37
1271	409.00	244.00	294.94	533.41
1272	409.00	255.00	295.78	533.39
1273	409.00	254.00	296.19	538.66
1274	409.00	255.00	298.17	495.17
1275	409.00	245.00	300.21	564.60
1276	409.00	259.00	302.99	557.08
1277	409.00	245.00	301.83	545.56
1278	409.00	258.00	301.42	578.36
1279	409.00	257.00	300.44	688.33
1280	409.00	259.00	299.65	699.14
1281	409.00	254.00	301.11	677.20
1282	409.00	252.00	302.50	897.78
1283	409.00	246.00	304.51	870.60
1284	409.00	261.00	306.35	726.98
1285	409.00	262.00	304.08	669.00
1286	409.00	255.00	304.79	620.54
1287	409.00	247.00	303.37	615.73
1288	409.00	247.00	303.23	600.49
1289	409.00	257.00	302.12	596.16
1290	409.00	260.00	300.36	492.77
1291	409.00	257.00	298.18	615.83
1292	409.00	255.00	304.36	871.35
1293	409.00	237.00	304.28	644.85
1294	409.00	259.00	301.11	626.22
1295	409.00	258.00	301.11	652.04
1296	409.00	256.00	295.14	534.56
1297	409.00	243.00	293.00	636.93
1298	409.00	244.00	291.64	653.76
1299	409.00	246.00	290.34	549.21
1300	409.00	246.00	291.00	714.23
1301	409.00	246.00	293.56	755.43
1302	409.00	243.00	292.62	665.44
1303	409.00	250.00	293.86	680.58
1304	409.00	250.00	291.46	629.38
1305	410.00	246.00	291.88	707.55
1306	410.00	244.00	292.57	799.72
1307	410.00	244.00	292.29	653.72
1308	410.00	248.00	288.42	527.89
1309	410.00	248.00	290.56	658.53
1310	410.00	245.00	291.83	996.55
1311	410.00	239.00	289.34	860.22
1312	410.00	248.00	289.21	978.54
1313	410.00	248.00	292.98	988.62
1314	410.00	252.00	294.67	923.56
1315	410.00	244.00	296.41	1106.44
1316	410.00	248.00	300.32	1322.48
1317	410.00	248.00	302.61	1217.73
1318	410.00	251.00	297.33	908.27
1319	410.00	259.00	298.31	742.24
1320	410.00	249.00	300.64	932.05
1321	410.00	251.00	297.65	739.06
1322	410.00	254.00	298.25	670.87
1323	410.00	253.00	300.06	783.47
1324	410.00	256.00	302.43	628.94
1325	410.00	256.00	300.06	676.95
1326	410.00	247.00	302.43	672.63
1327	410.00	252.00	300.94	730.67
1328	410.00	253.00	298.08	564.87
1329	410.00	253.00	299.88	558.66
1330	410.00	260.00	299.88	560.45
1331	410.00	262.00	300.18	590.63
1332	410.00	260.00	297.78	622.83
1333	410.00	252.00	295.11	577.10
1334	410.00	253.00	299.22	668.62
1335	410.00	254.00	296.50	627.70
1336	410.00	252.00	295.61	652.40
1337	411.00	252.00	295.90	652.91
1338	411.00	257.00	299.55	721.60
1339	411.00	252.00	297.95	681.47
1340	411.00	257.00	302.38	1015.55
1341	411.00	246.00	309.01	1210.55
1342	411.00	251.00	304.27	749.60
1343	411.00	256.00	303.27	745.42
1344	411.00	244.00	297.86	669.77
1345	411.00	255.00	294.32	667.66
1346	413.00	248.00	294.69	738.45
1347	413.00	252.00	295.62	734.28
1348	413.00	248.00	294.85	761.91
1349	413.00	249.00	297.65	756.62
1350	413.00	257.00	300.30	955.97
1351	413.00	254.00	304.93	1181.05
1352	413.00	257.00	305.94	1011.69
1353	413.00	256.00	308.89	1140.07
1354	413.00	247.00	308.00	1143.51
1355	413.00	254.00	305.48	1038.66
1356	413.00	252.00	304.91	906.64
1357	413.00	255.00	308.62	908.08
1358	413.00	258.00	311.46	988.71
1359	413.00	258.00	313.05	849.45
1360	413.00	258.00	312.31	778.82
1361	413.00	252.00	314.46	882.44
1362	413.00	261.00	312.00	616.21
1363	415.00	263.00	313.15	715.64
1364	415.00	265.00	311.51	703.84
1365	415.00	273.00	313.87	761.15
1366	415.00	269.00	311.68	596.17
1367	415.00	266.00	310.94	705.36
1368	415.00	260.00	310.07	584.53
1369	415.00	269.00	314.35	612.49
1370	415.00	267.00	313.15	651.63
1371	415.00	260.00	314.96	774.31
1372	415.00	266.00	312.92	614.39
1373	415.00	261.00	309.80	648.69
1374	415.00	259.00	307.32	553.67
1375	415.00	254.00	306.13	542.53
1376	415.00	254.00	308.04	657.22
1377	416.00	268.00	307.37	555.55
1378	416.00	268.00	306.17	456.22
1379	416.00	266.00	308.79	605.58
1380	416.00	266.00	308.76	549.58
1381	416.00	270.00	307.11	518.28
1382	416.00	269.00	307.54	491.27
1383	416.00	269.00	309.65	632.78
1384	416.00	266.00	311.92	634.85
1385	417.00	268.00	311.91	694.97
1386	417.00	262.00	311.44	781.41
1387	417.00	262.00	311.78	952.23
1388	417.00	263.00	310.64	828.18
1389	417.00	264.00	310.60	712.36
1390	417.00	265.00	311.86	675.18
1391	417.00	262.00	310.50	690.64
1392	417.00	265.00	313.87	787.01
1393	417.00	260.00	314.60	791.18
1394	417.00	265.00	314.26	739.71
1395	417.00	267.00	311.82	717.34
1396	417.00	270.00	309.00	746.49
1397	417.00	258.00	309.64	964.52
1398	417.00	267.00	312.45	823.80
1399	417.00	272.00	316.53	681.48
1400	417.00	265.00	314.70	717.31
1401	417.00	263.00	315.11	862.74
1402	417.00	263.00	315.19	676.53
1403	417.00	263.00	315.18	640.39
1404	417.00	271.00	314.20	651.65
1405	417.00	271.00	312.26	545.60
1406	417.00	274.00	313.53	631.62
1407	417.00	265.00	311.11	699.06
1408	417.00	274.00	310.98	635.46
1409	419.00	266.00	311.26	745.78
1410	419.00	262.00	311.25	912.50
1411	419.00	260.00	314.43	909.14
1412	419.00	261.00	312.12	724.21
1413	419.00	251.00	308.54	567.63
1414	419.00	258.00	306.54	597.19
1415	419.00	264.00	308.80	636.19
1416	419.00	265.00	306.50	510.23
1417	419.00	253.00	304.98	620.95
1418	419.00	260.00	306.88	854.63
1419	419.00	264.00	306.18	704.48
1420	419.00	253.00	311.06	864.88
1421	419.00	254.00	317.55	930.62
1422	419.00	265.00	320.55	847.53
1423	419.00	264.00	318.09	895.02
1424	419.00	259.00	318.54	950.53
1425	419.00	262.00	318.66	728.17
1426	419.00	255.00	315.63	595.20
1427	419.00	260.00	317.91	725.54
1428	419.00	271.00	320.46	743.23
1429	421.00	272.00	321.11	675.52
1430	421.00	268.00	321.23	603.37
1431	421.00	270.00	322.35	669.56
1432	421.00	273.00	324.93	715.98
1433	421.00	269.00	324.51	707.56
1434	421.00	278.00	324.60	673.79
1435	421.00	284.00	325.61	580.31
1436	423.00	283.00	324.05	636.45
1437	423.00	283.00	321.15	572.66
1438	423.00	273.00	318.39	589.97
1439	423.00	273.00	318.61	699.17
1440	423.00	272.00	316.46	757.68
1441	423.00	273.00	317.69	685.76
1442	423.00	268.00	317.08	611.37
1443	423.00	267.00	317.72	563.04
1444	423.00	275.00	318.25	609.21
1445	423.00	275.00	316.61	514.85
1446	423.00	274.00	315.23	450.98
1447	423.00	272.00	313.26	454.80
1448	423.00	260.00	311.37	475.07
1449	423.00	258.00	310.90	444.38
1450	423.00	266.00	308.29	531.36
1451	424.00	262.00	307.50	628.52
1452	424.00	250.00	306.13	652.91
1453	424.00	263.00	307.00	568.95
1454	424.00	265.00	305.58	644.18
1455	424.00	262.00	305.75	816.21
1456	424.00	256.00	304.14	667.97
1457	424.00	262.00	303.49	694.42
1458	424.00	266.00	302.01	633.78
1459	424.00	254.00	303.05	780.34
1460	424.00	257.00	303.77	872.76
1461	424.00	263.00	303.54	690.32
1462	424.00	259.00	298.76	523.78
1463	424.00	246.00	300.35	790.27
1464	424.00	260.00	305.49	901.92
1465	424.00	263.00	307.07	876.98
1466	424.00	262.00	304.89	830.50
1467	424.00	251.00	305.70	829.69
1468	424.00	252.00	305.88	923.69
1469	424.00	252.00	302.85	857.39
1470	424.00	255.00	304.32	1080.88
1471	424.00	254.00	303.05	975.21
1472	424.00	259.00	305.72	975.72
1473	424.00	255.00	309.47	1238.80
1474	424.00	245.00	309.56	913.29
1475	424.00	260.00	310.01	923.68
1476	424.00	257.00	310.24	900.04
1477	424.00	257.00	306.83	714.54
1478	424.00	257.00	305.44	603.26
1479	424.00	259.00	306.35	719.20
1480	424.00	258.00	305.94	764.77
1481	424.00	258.00	303.81	827.35
1482	424.00	257.00	307.86	1024.05
1483	424.00	252.00	310.15	1174.71
1484	424.00	256.00	310.04	1142.26
1485	424.00	262.00	310.54	1128.53
1486	424.00	251.00	309.55	932.55
1487	424.00	255.00	310.19	931.74
1488	424.00	255.00	307.06	799.37
1489	424.00	241.00	306.65	819.05
1490	424.00	253.00	306.75	865.89
1491	424.00	248.00	302.05	785.38
1492	424.00	246.00	301.30	687.52
1493	424.00	246.00	301.00	842.30
1494	424.00	245.00	303.70	942.52
1495	424.00	242.00	301.14	917.63
1496	424.00	246.00	295.74	758.57
1497	424.00	240.00	298.66	872.37
1498	424.00	247.00	302.45	1076.16
1499	424.00	251.00	306.13	1312.36
1500	424.00	251.00	306.73	1235.42
1501	424.00	242.00	310.55	1158.98
1502	424.00	252.00	308.79	1036.22
1503	424.00	253.00	309.21	1124.44
1504	424.00	258.00	309.31	970.26
1505	424.00	259.00	307.12	931.97
1506	424.00	259.00	306.58	817.43
1507	424.00	259.00	311.26	858.11
1508	424.00	271.00	310.95	670.64
1509	424.00	267.00	309.71	683.62
1510	424.00	266.00	310.94	720.73
1511	424.00	274.00	312.64	760.72
1512	424.00	273.00	314.58	789.34
1513	424.00	270.00	313.00	738.17
1514	424.00	264.00	313.21	912.76
1515	424.00	259.00	312.11	757.52
1516	424.00	251.00	309.96	717.97
1517	424.00	255.00	310.49	824.66
1518	424.00	261.00	306.93	685.02
1519	424.00	247.00	307.85	781.06
1520	424.00	253.00	306.35	738.78
1521	424.00	251.00	310.02	866.10
1522	424.00	258.00	312.46	866.66
1523	424.00	256.00	312.55	724.98
1524	424.00	273.00	313.06	776.51
1525	424.00	265.00	312.91	757.75
1526	424.00	265.00	313.31	656.09
1527	424.00	265.00	311.67	767.31
1528	424.00	260.00	311.47	761.01
1529	424.00	269.00	312.09	784.07
1530	424.00	257.00	311.76	840.53
1531	424.00	261.00	311.43	749.63
1532	424.00	261.00	312.10	729.88
1533	424.00	262.00	310.68	764.65
1534	424.00	266.00	313.70	809.50
1535	424.00	266.00	312.73	742.89
1536	424.00	271.00	314.58	751.68
1537	424.00	258.00	313.45	787.40
1538	424.00	265.00	315.55	759.59
1539	424.00	274.00	320.67	802.65
1540	424.00	278.00	325.15	814.23
1541	424.00	282.00	321.11	604.39
1542	424.00	278.00	325.58	780.59
1543	424.00	271.00	327.63	856.14
1544	424.00	271.00	328.21	755.48
1545	424.00	269.00	327.65	758.83
1546	424.00	269.00	328.40	804.15
1547	424.00	277.00	327.99	664.22
1548	424.00	278.00	332.64	706.48
1549	424.00	278.00	331.42	690.96
1550	424.00	278.00	331.88	594.44
1551	424.00	282.00	330.50	654.68
